opponent,wins,draws,losses,win_rate,draw_rate,loss_rate
Random,47,248,5,0.15666666666666668,0.8266666666666667,0.016666666666666666
