opponent,wins,draws,losses,win_rate,draw_rate,loss_rate
Random,103,196,1,0.3433333333333333,0.6533333333333333,0.0033333333333333335
